N. TERMINE;AMBITO;ESEMPIO IT;TERMINI (CSV);TARGET HYPOTHESIS ;ALTRE OPZIONI STAA (CSV);TERMINI ALTRI ORDINAMENTI (CSV);OPTIONS;llama_8b_omonimi3;tower_13b_omonimi

1.0;diritto amministrativo;Il locale di servizio per il custode e per i bidelli va collocato in prossimità e con visuale sull'ingresso principale.;custode;Hausmeister;;;Hausmeister, Verwahrer;der Dienstraum fÃ¼r der Hausmeister und der Portiersdienste sollen in der NÃ¤he und mit Sicht auf der Haupteingang platzieren werden ;< der dienststell fÃ¼r der Hausmeister und der Hausmeisterin muss in der NÃ¤he der Haupteingang und mit Sicht auf dieser liegen  >

1.0;diritto amministrativo;Il custode lavora nelle sedi di uffici e nelle scuole, dove svolge servizi di vigilanza, di pulizia e di manutenzione, nonché servizi ausiliari di segreteria, conformemente alle istruzioni delle professionalità superiori.;custode;Hausmeister;;;Hausmeister, Verwahrer;der Hausmeister arbeiten in der BÃ¼rogebÃ¤uden und in der Schule  wo er Dienst der Ãberwachung  der Reinigung und der Instandhaltung  sowie Hilfsdienste der Sekretariatstelle  gemÃ¤Ã der Anweisung der Ã¼bergeordnet FachkrÃ¤fte  leisten ;< der Hausmeister arbeiten in der BÃ¼rogebÃ¤uden und in der Schule  wo er aufsichtsdienste  Reinigung und Wartungsdienst sowie unterstÃ¼tzend Sekretariatsdienste gemÃ¤Ã der Anweisung der hÃ¶heren Beruf ausÃ¼bt  >

1.0;diritto amministrativo;In mancanza del custode oppure quando il dirigente ritiene necessario che venga coadiuvato da altro personale nello sgombero della neve, possono essere incaricati di questa operazione anche i bidelli.;custode;Hausmeister;;;Hausmeister, Verwahrer;< bei fehlen der Hausmeister oder wenn der Leiter es fÃ¼r notwendig hÃ¤lt  dass er von anderer Mitarbeiter bei der SchneerÃ¤umung unterstÃ¼tzt werden  kÃ¶n auch der Hausangestellt mit dieser Aufgabe beauftragen werden  >;< wenn der Hausmeister fehlen oder wenn der Leiter der Schule meinen  dass er bei der SchneerÃ¤umung von weit Mitarbeiter unterstÃ¼tzt werden Muss  kÃ¶n auch der Hausmeister mit dieser Aufgabe betrauen werden  >

1.0;diritto amministrativo;In base alle rilevazioni del fabbisogno viene assegnata una persona con funzioni di custode unicamente alle scuole che per motivate ragioni presentano particolari esigenze strutturali e tecniche e purché vi sia un appartamento per il custode.;custode;Hausmeister;;;Hausmeister, Verwahrer;basierend auf der Bedarfsfeststellung werden ein Person mit Aufgabe als Verwahrer ausschlieÃlich an Schule zugewiesen  der aus begrÃ¼ndet GrÃ¼nden besonderer strukturell und technisch Anforderung haben und voraussetzen  dass es ein Apartment fÃ¼r der Verwahrer geben ;< nach der Bedarfsermittlung werden ein Person mit Aufgabe als Hausmeister nur der Schule zugewiesen  der aus triftig GrÃ¼nden besonderer baulich und technisch Anforderung haben und sofern ein Wohnraum fÃ¼r der Hausmeister vorhanden sein  >

1.0;diritto amministrativo;Per il profilo professionale di custode si deve calcolare un impegno almeno parziale di attività di pulizia.;custode;Hausmeister;;;Hausmeister, Verwahrer;FÃ¼r der Berufsbild der Verwahrer muss ein mindestens teilweis Einsatz von ReinigungsaktivitÃ¤t berechnen werden ;< FÃ¼r der Berufsbildungsabschnitt der Hausmeister muss ein mindestens teilweis Einsatz in Reinigungsarbeit vorsehen werden  >

2.0;diritto processuale civile;Il compenso al custode è stabilito, con decreto, dal pretore nel caso di nomina fatta dall'ufficiale giudiziario, e in ogni altro caso dal giudice che l'ha nominato.;custode;Verwahrer;;gerichtlicher Verwahrer;Hausmeister, Verwahrer;< der Lohn der Verwahrer werden durch ein Dekret von PrÃ¤tor festlegen  in Fall ein von ein Gerichtsvollzieher vorgenommen Ernennung  und in aller anderer FÃ¤lle von Richter  der ihn ernennen haben  >;< der VergÃ¼tung der Verwahrer werden mit Dekret von Richter in Fall ein Ernennung durch der Gerichtsvollzieher und in aller anderer FÃ¤lle von Gericht  der ihn ernennen haben  festlegen  >

2.0;diritto processuale civile;I diritti amministrativi diversi da quelli previsti nel presente articolo spettano, nel caso di pegno o di usufrutto, sia al socio sia al creditore pignoratizio o all'usufruttuario mentre nel caso di sequestro sono esercitati dal custode.;custode;Verwahrer;;gerichtlicher Verwahrer;Hausmeister, Verwahrer;der verschieden Verwaltungsrecht  der nicht in vorliegend Artikel vorsehen sein  gelten in Fall der Pfandrecht oder der Nutzniesserecht sowohl fÃ¼r der Gesellschafter als auch fÃ¼r der PfandglÃ¤ubiger oder der NutznieÃer  wÃ¤hrend in Fall der Beschlagnahme sie von Verwahrer ausgeÃ¼bt werden ;< der anderer als in dieser Artikel vorgesehen Verwaltungsrecht stehen in Fall ein Pfand oder NutznieÃung der Gesellschafter und der PfandglÃ¤ubiger oder Nutzniesser zu  in Fall ein Beschlagnahme der Verwahrer  >

2.0;diritto processuale civile;Nel caso di sequestro delle azioni il diritto di voto è esercitato dal custode.;custode;Verwahrer;;gerichtlicher Verwahrer;Hausmeister, Verwahrer;bei der Beschlagnahme der Aktie werden der Stimmrecht von Verwahrer ausgeÃ¼bt ;< bei Beschlagnahme der Aktie werden der Stimmrecht von Verwahrer ausgeÃ¼bt  >

2.0;diritto processuale civile;La conservazione e l'amministrazione dei beni pignorati o sequestrati sono affidate a un custode, quando la legge non dispone altrimenti.;custode;Verwahrer;;gerichtlicher Verwahrer;Hausmeister, Verwahrer;der Verwahrung und Verwaltung der gepfÃ¤ndet oder beschlagnahmt GÃ¼ter werden ein Verwahrer Ã¼bertrag  wenn der Gesetz nichts anderer bestimmen ;< der Aufbewahrung und Verwaltung der gepfÃ¤ndet oder beschlagnahmt GÃ¼ter werden ein Verwahrer Ã¼bertrag  wenn der Gesetz nichts anderer bestimmen  >

2.0;diritto processuale civile;Il giudice, d'ufficio o su istanza di parte, può disporre in ogni tempo la sostituzione del custode.;custode;Verwahrer;;gerichtlicher Verwahrer;Hausmeister, Verwahrer;der Richter können jederzeit von Amts wegen oder auf Antrag ein Partei der Vertretung der Verwahrer anordnen ;< der Richter können von Amts wegen oder auf Antrag der Partei jederzeit der Abberufung der Verwahrer anordnen  >

3.0;diritto fallimentare;Per sostenere l'avvio, il potenziamento e la riorganizzazione delle cooperative, la Provincia può promuovere la costituzione e lo sviluppo di cooperative di lavoro fra lavoratori che siano stati licenziati a seguito di fallimento o di altra procedura concorsuale.;procedura concorsuale;Insolvenzverfahren;;;Wettbewerbsverfahren, Insolvenzverfahren;< um der Start  der Verbesserung und der Umstrukturierung von Genossenschafte zu unterstÃ¼tzen  können der Provinz der GrÃ¼ndung und Entwicklung von Arbeitsgenossenschaft unter Arbeitnehmer fÃ¶rder  der aufgrund von Insolvenz oder Wettbewerbsverfahr entlassen werden  >;< FÃ¼r der Anfang  der StÃ¤rkung und der Umstrukturierung von Genossenschaft können der Provinz der GrÃ¼ndung und Entwicklung von Genossenschaft von Arbeitnehmer fÃ¶rdern  der aufgrund ein Konkurs oder ein anderer Insolvenzverfahr entlassen werden  >

3.0;diritto fallimentare;Prima della scadenza del suo incarico l'amministratore giudiziario convoca e presiede l'assemblea per la nomina dei nuovi amministratori e sindaci o per proporre, se del caso, la messa in liquidazione della società o la sua ammissione ad una procedura concorsuale.;procedura concorsuale;Insolvenzverfahren;;;Wettbewerbsverfahren, Insolvenzverfahren;bevor sein Amt enden  rufen der gerichtlich Verwalter der Versammlung ein und leiten sie  um der Bestellung der neu Verwalter und AufsichtsrÃ¤te vornehmen oder  falls erforderlich  der Liquidation der Gesellschaft vorschlagen oder sie in ein Insolvenzverfahren einzubringen ;< vor Ablauf sein Amtszeit rufen der gerichtlich Verwalter der Hauptversammlung ein  um der Neuwahl der Verwaltung und aufsichtsratsmitgliede vornehmen oder um gegebenenfalls der Liquidation der Gesellschaft oder der Einleitung ein Insolvenzverfahren vorschlagen  >

3.0;diritto fallimentare;Non sono ammesse alle agevolazioni i soggetti in stato di scioglimento o liquidazione volontaria o sottoposti a procedure concorsuali, quali fallimento, liquidazione coatta amministrativa, concordato preventivo, amministrazione controllata o straordinaria.;procedura concorsuale;Insolvenzverfahren;;;Wettbewerbsverfahren, Insolvenzverfahren;< der BegÃ¼nstigt werden nicht zulassen  wenn sie sich in der Liquidation oder in der freiwillig AuflÃ¶sung befinden oder an Wettbewerbsverfahr  wie Insolvenz  gerichtlich Verwaltung  vorbeugend Vergleich  behÃ¶rdlich Verwaltung oder auÃerordentlich Verwaltung  teilnehmen  >;< sein nicht fÃ¶rderungsfÃ¤hig derjenige  der sich in Zustand der AuflÃ¶sung oder Liquidation befinden oder der ein Wettbewerbsverfahr  wie Insolvenz  Zwangsliquidation  vorlÃ¤ufig Konkursverfahren  Zwangsverwaltung oder auÃerordentlich Verwaltung  anwenden werden  >

3.0;diritto fallimentare;Nel caso in cui l’impresa capofila sia soggetta a scioglimento o liquidazione volontaria oppure sia sottoposta a procedure concorsuali, una delle imprese aderenti, in accordo con le altre imprese coinvolte nel progetto, può assumere le funzioni di impresa capofila.;procedura concorsuale;Insolvenzverfahren;;;Wettbewerbsverfahren, Insolvenzverfahren;bei der AuflÃ¶sung oder freiwillig Liquidation der Leitgesellschaft oder bei der Unterstellung der Leitgesellschaft in ein Insolvenzverfahren können einer der beitreibend Unternehmen  in Einvernehmen mit der anderer in Projekt beteiligt Unternehmen  der Funktion der Leitgesellschaft Ã¼bernehmen ;< falls der Leitbetrieb aufgelÃ¶st oder in Liquidation sein oder in ein Wettbewerbsverfahr stehen  können einer der beteiligt Betrieb in Einvernehmen mit der anderer an Projekt beteiligt Betrieb der Funktion der Leitbetriebs Ã¼bernehme  >

3.0;diritto fallimentare;Possono beneficiare delle agevolazioni le cooperative di produzione e lavoro composte per almeno il 60 per cento da lavoratori che siano stati licenziati a seguito di fallimento o di altra procedura concorsuale o di chiusura definitiva dell'azienda.;procedura concorsuale;Insolvenzverfahren;;;Wettbewerbsverfahren, Insolvenzverfahren;< der FÃ¶rderung stehen der Produktion und Arbeitsgenossenschaft zu VerfÃ¼gung  der mindestens 60 Prozent aus Arbeitnehmer bestehen  der aufgrund von Insolvenz oder anderer Wettbewerbsverfahr oder der endgÃ¼ltig SchlieÃung der Unternehmen entlassen werden  >;< KÃ¶nnen von der FÃ¶rderungen profitieren der Produktion und Arbeitsgenossenschaft  der zu mindestens zu 60 Prozent aus Arbeitnehmer bestehen  der infolge ein Konkurs oder ein anderer Insolvenzverfahr oder ein endgÃ¼ltig SchlieÃung der Unternehmen entlassen werden  >

4.0;diritto amministrativo;Per i collaboratori all'integrazione presso le strutture scolastiche, di seguito denominati personale d’integrazione provinciale, vengono effettuate procedure concorsuali per il conseguimento dell’idoneità.;procedura concorsuale;Wettbewerbsverfahren;;;Wettbewerbsverfahren, Insolvenzverfahren;FÃ¼r der Mitarbeiter  der sich in der Schulstruktur integrieren  werden folgend Personenkreis  in folgend als Provinzintegrationspersonal bezeichnen  Wettbewerbsverfahr durchgefÃ¼hrt  um der Eignung zu erlangen ;< FÃ¼r der Integrationsmitarbeiter in der Schule  in folgend Provinz-Integrationspersonal nennen  werden EignungsprÃ¼fungen durchgefÃ¼hrt  >

4.0;diritto amministrativo;Nel bando può essere inoltre stabilito che il personale deve avere una determinata precedenza per l’anzianità di servizio nella graduatoria per l’ammissione alla procedura concorsuale.;procedura concorsuale;Wettbewerbsverfahren;;;Wettbewerbsverfahren, Insolvenzverfahren;< Nimmt der ausschreibungsverfahren auch fest  dass der Personal ein bestimmt Vorrangstellung aufgrund der Dienstzeit in der Einstellungsliste fÃ¼r der Aufnahme in der wettbewerbsverfahren haben  >;< in Ausschreibungsverfahr können auÃerder festlegen werden  dass der Personal ein bestimmt Vorrangigkeit fÃ¼r der Dienstdauer in der Rangliste fÃ¼r der Zulassung zu Wettbewerbsverfahr haben Muss  >

4.0;diritto amministrativo;La partecipazione alla procedura concorsuale è obbligatoria per il personale ammesso.;procedura concorsuale;Wettbewerbsverfahren;;;Wettbewerbsverfahren, Insolvenzverfahren;der Teilnahme an Wettbewerbsverfahr sein fÃ¼r der zugelassen Personal verpflichtend ;< der Teilnahme an der Wettbewerbsverfahr sein fÃ¼r der zugelassen Personal obligatorisch  >

4.0;diritto amministrativo;In caso di procedure concorsuali con posti riservati esclusivamente al gruppo linguistico ladino, uno dei membri della commissione esaminatrice appartiene al gruppo linguistico ladino.;procedura concorsuale;Wettbewerbsverfahren;;;Wettbewerbsverfahren, Insolvenzverfahren;bei Verfahren mit VorzugsplÃ¤tzen  der ausschlieÃlich der ladino-sprachig Gruppe vorbehalten sein  gehÃ¶rt einer der Mitglied der PrÃ¼fungskommission der ladino-sprachig Gruppe an ;< bei Konkursverfahr mit ausschlieÃlich fÃ¼r der ladinisch Sprachgruppe reservieren PlÃ¤tzen gehÃ¶rt einer der Mitglied der PrÃ¼fungskommission zu ladinisch Sprachgruppe  >

4.0;diritto amministrativo;Per una procedura concorsuale, in caso di necessità, possono essere nominate due o più commissioni esaminatrici.;procedura concorsuale;Wettbewerbsverfahren;;;Wettbewerbsverfahren, Insolvenzverfahren;FÃ¼r ein Wettbewerbsverfahr können in NotfÃ¤ll ein oder mehrere PrÃ¼fungskommissione ernennen werden ;< bei ein Wettbewerbsverfahr kÃ¶nn bei Bedarf zwei oder mehrere PrÃ¼fungskommissionen ernennen werden  >

5.0;diritto civile;Per le cause indicate dall'articolo precedente l'autorità amministrativa, nei limiti e con le forme stabiliti da leggi speciali, può sottoporre a particolari vincoli od obblighi di carattere temporaneo le aziende commerciali e agricole.;vincolo;Beschränkung;;;Bindung, Beschränkung;< FÃ¼r der in vorhergehend Artikel genannt GrÃ¼nd können der VerwaltungsbehÃ¶rde  innerhalb der Grenze und in der Form  der gesetzlich Spezialgesetze festlegen  bestimmt Unternehmen der Handel und Landwirtschaft temporÃ¤r unter besonderer Bindung oder Verpflichtung stellen  >;< FÃ¼r der in der vorhergehend Artikel genannt GrÃ¼nd können der VerwaltungsbehÃ¶rde in Rahmen und in der Form  der in besonderer Gesetz festlegen sein  bestimmt BeschrÃ¤nkung oder Verpflichtung von vorÃ¼bergehender Natur fÃ¼r Handel und Landwirtschaftsbetrieb auferlegen  >

5.0;diritto civile;Il compratore può sospendere il pagamento del prezzo, se la cosa venduta risulta gravata da garanzie reali o da vincoli derivanti da pignoramento o da sequestro, non dichiarati dal venditore e dal compratore stesso ignorati.;vincolo;Beschränkung;;;Bindung, Beschränkung;der KÃ¤ufer können der Kaufpreis stornieren  wenn der verkauft Gut mit real Garantie oder mit EinschrÃ¤nkungen infolge von PfÃ¤ndung oder Zwangsvollstreckung belasten sein  der von VerkÃ¤ufer nicht angeben werden und von KÃ¤ufer selbst nicht beachten werden ;< der KÃ¤ufer können der Zahlung der Preis aussetzen  wenn der verkauft Gut mit ein Hypothek oder ein BeschrÃ¤nkung belasten sein  der von VerkÃ¤ufer nicht angeben und von KÃ¤ufer nicht bekannt sein  >

5.0;diritto civile;Il pegno, il sequestro, il pignoramento e ogni altro vincolo sul diritto menzionato in un titolo di credito o sulle merci da esso rappresentate non hanno effetto se non si attuano sul titolo.;vincolo;Beschränkung;;;Bindung, Beschränkung;< der Pfand  der PfÃ¤ndung  der PfÃ¤ndungsbeschluss und jeder anderer BeschrÃ¤nkung auf der in ein Kredittitel genannt Recht oder auf der darin vertreten Ware haben kein Wirkung  wenn sie nicht auf der Titel anwenden werden  >;< der Pfandrecht  der Beschlagnahme  der PfÃ¤ndung und jeder anderer BeschrÃ¤nkung auf der Recht  der in ein Kreditbrief oder auf der darin enthalten Ware erwÃ¤hnt werden  haben kein Wirkung  wenn sie nicht auf der Kreditbrief durchgefÃ¼hrt werden  >

5.0;diritto civile;La seconda sezione del Consiglio di Stato, con sentenza n. 5610 del 29 luglio 2021, ha spiegato quando i vincoli hanno valenza conformativa del diritto di proprietà.;vincolo;Beschränkung;;;Bindung, Beschränkung;der zweiter Abteilung der Staatsrat  mit Urteil Nr. 5610 von 29. Juli 2021  haben erklÃ¤rt  wann der Bindung ein konformativrechtlich Wirkung auf der Eigentumsrecht haben ;< der zweiter Sektion der Staatsrat haben in sein Urteil Nr. 5610 von 29. Juli 2021 erklÃ¤rt  wann der BeschrÃ¤nkung der Eigentumsrecht konformieren  >

5.0;diritto civile;La trasmissione o il vincolo dell'ipoteca per cessione, surrogazione, pegno, postergazione di grado o costituzione in dote del credito ipotecario, nonché per sequestro, pignoramento o assegnazione del credito medesimo si deve annotare in margine all'iscrizione dell'ipoteca.;vincolo;Beschränkung;;;Bindung, Beschränkung;der Ãbertragung oder Bindung der Hypothekenanspruch durch Abtretung  Eintritt  Pfand  Postergation oder EinrÃ¤umung der Hypothekenanspruch als Mitgift  sowie durch PfÃ¤ndung  Zwangsvollstreckung oder Zession der gleich Anspruch muss in der Randnotiz zu Eintragung der Hypothek eintragen werden ;< der Ãbertragung oder der Bindung der Hypothek durch Abtretung  Ãbertragung  Pfandrecht  RangrÃ¼ckgabe oder Schenkung der Hypothekenrecht sowie durch Beschlagnahme  PfÃ¤ndung oder VerpfÃ¤ndung der Hypothekenrecht selbst Muss in der Hypothekeneinschreibung vermerken werden  >

6.0;diritto civile;Il contratto preliminare crea un vincolo tra le parti, obbligate alla futura sottoscrizione di un contratto definitivo.;vincolo;Bindung;;;Bindung, Beschränkung;der Vorvertrag schaffen ein Bindung zwischen der Partei  der zu zukÃ¼nftig Unterzeichnung ein endgÃ¼ltig Vertrag verpflichten sein ;< der vorlÃ¤ufig Vertrag schaffen ein Bindung zwischen der Partei  der zu kÃ¼nftig Unterzeichnung ein endgÃ¼ltig Vertrag verpflichten sein  >

6.0;diritto civile;L'affinità è il vincolo che si crea tra un coniuge e i parenti dell'altro coniuge.;vincolo;Bindung;;;Bindung, Beschränkung;der AffinitÃ¤t sein der Bindung  der sich zwischen ein Ehepartner und der verwandte der anderer Ehepartner schaffen ;< der AffinitÃ¤t sein der Bindung  der zwischen ein Ehepartner und der verwandte der anderer Ehepartner entstehen  >

6.0;diritto civile;Nei contratti con più di due parti, la nullità che colpisce il vincolo di una sola delle parti non importa nullità del contratto, salvo che la partecipazione di essa debba, secondo le circostanze, considerarsi essenziale.;vincolo;Bindung;;;Bindung, Beschränkung;< in VertrÃ¤g mit mehr als zwei Partei treten der Nichtigkeit  der der Bindung ein einzig der Partei treffen  nicht auf der Nichtigkeit der Vertrag  es sein denn  der Beteiligung dieser Partei mÃ¼sste sich nach der UmstÃ¤nde als wesentlich erweisen  >;< bei VertrÃ¤g mit mehr als zwei Partei haben der Nichtigkeit  der ein Teil der Vertrag betreffen  kein Auswirkung auf der Nichtigkeit der Vertrag  es sein denn  der Beteiligung dieser Partei sein unter der UmstÃ¤nde als wesentlich ansehen  >

6.0;diritto civile;Se alla promessa non è apposto un termine, il vincolo del promittente cessa, qualora entro l'anno dalla promessa non gli sia stato comunicato l'avveramento della situazione o il compimento dell'azione prevista nella promessa.;vincolo;Bindung;;;Bindung, Beschränkung;< wenn der Verpflichtung kein Termin haben  erlischen der Bindung der Verpflichtet  wenn innerhalb ein Jahr nach der Verpflichtung nicht der ErfÃ¼llung der Situation oder der ErfÃ¼llung der in der Verpflichtung vorgesehen Handlung mitteilen werden  >;< wenn der Versprechen kein Termin zugewiesen sein  enden der Verpflichtung der versprechende  wenn ihm innerhalb ein Jahr nach der Versprechen nicht mitteilen werden  dass der Situation eintreten sein oder der in Versprechen vorgesehen Handlung ausgefÃ¼hren werden  >

6.0;diritto civile;Né la Costituzione né il codice civile definiscono il matrimonio, ma dalle disposizioni di legge si può ricavare che si tratta di un vincolo che unisce due persone e che attribuisce ai coniugi uno status giuridico ben preciso.;vincolo;Bindung;;;Bindung, Beschränkung;< nicht der Verfassung noch der BÃ¼rgerlich Gesetzbuch definieren der EheverhÃ¤ltnis  aber aus der gesetzlich Bestimmung gehen hervor  dass es sich um ein Bindung handeln  der zwei Person verbinden und der Ehegatte ein genau bestimmt rechtlich Status zuweisen  >;< noch der Verfassung noch der BÃ¼rgerlich Gesetzbuch definieren der Ehe  aber aus der Gesetzesbestimmung können man entnehmen  dass es sich um ein Bindung handeln  der zwei Person verbinden und der Ehepartner ein ganz bestimmt rechtlich Status verleihen  >

7.0;diritto societario;In caso contrario, deve procedersi senza indugio all'annullamento delle azioni e alla corrispondente riduzione del capitale.;annullamento;Vernichtung;;Kraftloserklärung von Aktien, Wirksamwerden der Kapitalherabsetzung;Vernichtung, Nichtigerklärung, Aufhebung;< in dieser Fall sein unverzÃ¼glich der Vernichtung der Aktie und der entsprechend Kapitalreduzierung vornehmen  >;< andernfalls muss unverzÃ¼glich der NichtigerklÃ¤rung der Aktie und der entsprechend Kapitalherabsetzung erfolgen  >

7.0;diritto societario;L'atto costitutivo può prevedere, salvo in ogni caso quanto disposto dal quinto comma dell'articolo 2346, che per effetto dell'annullamento delle azioni disposto nel presente comma si determini una loro diversa ripartizione tra i soci.;annullamento;Vernichtung;;Kraftloserklärung von Aktien, Wirksamwerden der Kapitalherabsetzung;Vernichtung, Nichtigerklärung, Aufhebung;der GrÃ¼ndungsdokument können vorsehen  auÃer in der FÃ¤lle  der durch der fÃ¼nft Absatz der Artikel 2346 vorsehen sein  daß infolge der NichtigerklÃ¤rung der in vorliegend Absatz vorgesehen MaÃnahmen ein anderer Aufteilung der Anteil unter der Gesellschafter erfolgen ;< der GrÃ¼ndungsakt können vorsehen  dass  auÃer in jeder Fall nach MaÃgabe der fÃ¼nft Absatz von Artikel 2346  durch der Anfechtung der Aktie nach dieser Absatz ein anderer Verteilung der Aktie unter der Gesellschafter erfolgen  >

7.0;diritto societario;L’annullamento comporta anche l’eliminazione della riserva negativa che era stata appostata nel patrimonio netto a fronte dell'acquisto delle azioni.;annullamento;Vernichtung;;Kraftloserklärung von Aktien, Wirksamwerden der Kapitalherabsetzung;Vernichtung, Nichtigerklärung, Aufhebung;der NichtigerklÃ¤rung beinhalten auch der Beseitigung der negativ Reserve  der in nettovermÃ¶gen in Zusammenhang mit der Kauf der Aktie eingeplant sein ;< durch der Aufhebung werden auch der negativ RÃ¼cklage  der in Eigenkapital fÃ¼r der Erwerb der Aktie bilden werden  aufheben  >

7.0;diritto societario;In caso di riduzione del capitale sociale mediante annullamento di azioni proprie, la differenza positiva o negativa tra il costo delle azioni annullate e la corrispondente quota del patrimonio netto non concorre alla formazione del reddito.;annullamento;Vernichtung;;Kraftloserklärung von Aktien, Wirksamwerden der Kapitalherabsetzung;Vernichtung, Nichtigerklärung, Aufhebung;bei ein Kapitalherabsetzung durch Vernichtung eigen Aktie treten der positiv oder negativ Differenz zwischen der Wert der vernichtet Aktie und der entsprechend Nennbetrag der NettoumlaufvermÃ¶gen nicht in der Gewinn auf ;< bei ein Kapitalherabsetzung durch der RÃ¼ckgabe eigen Aktie trÃ¤gt der Differenz zwischen der Anschaffungswert der zurÃ¼ckgegeben Aktie und der entsprechend Anteil an NettovermÃ¶g nicht zu Gewinnermittlung bei  >

7.0;diritto societario;Nella determinazione del reddito delle società partecipanti alla scissione non si tiene conto dell'avanzo o del disavanzo conseguenti al rapporto di cambio delle azioni o quote ovvero all'annullamento di azioni o quote a norma dell'art. 2504 novies del codice civile.;annullamento;Vernichtung;;Kraftloserklärung von Aktien, Wirksamwerden der Kapitalherabsetzung;Vernichtung, Nichtigerklärung, Aufhebung;bei der Ermittlung der Einkommen der an der Spaltung beteiligt Gesellschaft werden nicht Rechnung tragen mit der Ãberschuss oder der Mangel  der sich aus der WechselverhÃ¤ltnis der Aktie oder Anteil oder aus der Vernichtung von Aktie oder Anteil nach Artikel 2504 noveisen der Zivilgesetzbuch ergeben ;< bei der Ermittlung der Einkommen der an der Spaltung beteiligt Gesellschaft werden der aus der UmtauschverhÃ¤ltnis der Aktie oder Anteil oder aus der Streichung von Aktie oder Anteilen gemÃ¤Ã Artikel 2504 noveisen der BÃ¼rgerlich Gesetzbuch resultierend Ãberschuss oder Fehlbetrag nicht berÃ¼cksichtigen  >

8.0;diritto amministrativo;La ricorrente sostiene che non esistono nella giurisprudenza di questa Corte precedenti favorevoli all'estensione di tale potere governativo di annullamento anche agli atti delle Regioni e Province autonome.;annullamento;Aufhebung;Annullierung;Rücknahme mit Rückwirkung, ex-tunc-Rücknahme;Vernichtung, Nichtigerklärung, Aufhebung;der BeschwerdefÃ¼hrerin behaupten  dass es in der Rechtsprechung dieser Gericht kein vorherig Entscheidung geben  der ein Ausweitung dieser RegierungszustÃ¤ndigkeitsrecht der Aufhebung auch auf Handlung der Region und autonom Provinz zulassen ;< der KlÃ¤gerin behaupten  dass es in der Rechtsprechung dieser Gerichtshof kein frÃ¼heren Entscheidung geben  der ein Ausweitung dieser staatlich Aufhebungsrecht auf der Akt der autonom Region und Provinz befÃ¼rworten  >

8.0;diritto amministrativo;L’annullabilità e l’annullamento degli atti amministrativi costituisce ancora oggi il principale strumento di effettività del diritto amministrativo a garanzia dei fondamentali valori costituzionali sul buon andamento e l’imparzialità della pubblica amministrazione.;annullamento;Aufhebung;Annullierung;Rücknahme mit Rückwirkung, ex-tunc-Rücknahme;Vernichtung, Nichtigerklärung, Aufhebung;der NichtigkeitserklÃ¤rung und der Nichtigkeit der Verwaltungsakte bilden noch heute der Hauptinstrument der Wirksamkeit der Verwaltungsrecht zu GewÃ¤hrleistung der grundlegend verfassungsmÃ¤Ãig Wert der ordnungsgemÃ¤Ãen Verwaltungshandeln und der Unparteilichkeit der Ã¶ffentlich Verwaltung ;< der Aufhebung und NichtigerklÃ¤rung von Verwaltungsakt stellen noch heute der wichtig Instrument zu Wirksamkeit der Verwaltungsrecht dar  um der grundlegend verfassungsmÃ¤Ãig Wert der gut Funktionieren und der Unparteilichkeit der Ã¶ffentlich Verwaltung zu gewÃ¤hrleisten  >

8.0;diritto amministrativo;Per i contributi erogati si procede alla verifica, anche a campione, della veridicità di quanto dichiarato e, in caso di dichiarazione non veritiera, all'annullamento dell'atto di concessione del contributo e al recupero delle somme erogate.;annullamento;Aufhebung;Annullierung;Rücknahme mit Rückwirkung, ex-tunc-Rücknahme;Vernichtung, Nichtigerklärung, Aufhebung;< bei der BeitrÃ¤g werden der Richtigkeit der Angabe Ã¼berprÃ¼ft  auch auf Probe  und bei ein unrichtig ErklÃ¤rung erfolgen der Aufhebung der Beitragszusage und der RÃ¼ckforderung der erbracht BetrÃ¤ge  >;< bei der geleistet ZuschÃ¼ssen werden auch stichprobenartig Ã¼berprÃ¼ft  ob der angegeben Angabe wahrheitsgemÃ¤Ã sein  in Fall ein unwahr Angabe werden der Bewilligung der Zuschuß aufheben und der geleistet BetrÃ¤ge zurÃ¼ckgefordert  >

8.0;diritto amministrativo;In caso di annullamento in giudizio del provvedimento così adottato, nell'esercitare nuovamente il suo potere l'amministrazione non può addurre per la prima volta motivi ostativi già emergenti dall'istruttoria del provvedimento annullato.;annullamento;Aufhebung;Annullierung;Rücknahme mit Rückwirkung, ex-tunc-Rücknahme;Vernichtung, Nichtigerklärung, Aufhebung;bei gerichtlich NichtigerklÃ¤rung der so erlassen Entscheidung können der Verwaltung bei der erneut AusÃ¼bung ihr Ermessen nicht zu erster Mal GrÃ¼nd geltend machen  der sich bereits aus der Ermittlung der aufgehoben Beschluß ergeben ;< in Fall ein gerichtlich Aufhebung der so erlassen VerfÃ¼gung können der Verwaltung bei der erneut AusÃ¼bung ihr Befugnis nicht erstmals EinwÃ¤nde vorbringen  der bereits in Verfahren zu Aufhebung der VerfÃ¼gung geltend machen werden  >

8.0;diritto amministrativo;Le associazioni iscritte nel registro di cui all’articolo 42 del testo unico, e successive modificazioni, possono intervenire nei giudizi riguardanti i minori stranieri non accompagnati e ricorrere in sede di giurisdizione amministrativa per l’annullamento di atti illegittimi.;annullamento;Aufhebung;Annullierung;Rücknahme mit Rückwirkung, ex-tunc-Rücknahme;Vernichtung, Nichtigerklärung, Aufhebung;< der in der Register gemÃ¤Ã Artikel 42 der Gesetzbuch  in sein geÃ¤ndert Fassung  eingetragen verbÃ¤nde kÃ¶nn in der Verfahren betreffend unbegleitet auslÃ¤ndischer minderjÃ¤hrige teilnehmen und in der Verwaltungsgerichtsbarkeit auf der Nichtigkeit von rechtswidrig Akte klagen  >;< der in Register nach Artikel 42 der einheitlich Text  und nachfolgend Ãnderung  eingetragen verbÃ¤nde kÃ¶nn in der Verfahren in Bezug auf unbegleitet auslÃ¤ndischer MinderjÃ¤hrige intervenieren und in der Verwaltungsgerichtsbarkeit ein Antrag auf Aufhebung rechtswidrig Handlung stellen  >

9.0;diritto delle obbligazioni;L'annullamento del contratto può essere domandato solo dalla parte nel cui interesse è stabilito dalla legge.;annullamento;Nichtigerklärung;;Anfechtung;Vernichtung, Nichtigerklärung, Aufhebung;der Aufhebung der Vertrag können nur von der Partei verlangen werden  in der Interesse dieser durch der Gesetz vorsehen sein ;< der Aufhebung der Vertrag können nur von der Partei verlangen werden  in der Interesse sie gesetzlich vorsehen sein  >

9.0;diritto delle obbligazioni;Il contraente, il cui consenso fu dato per errore, estorto con violenza o carpito con dolo, può chiedere l'annullamento del contratto secondo le disposizioni seguenti.;annullamento;Nichtigerklärung;;Anfechtung;Vernichtung, Nichtigerklärung, Aufhebung;der Vertragspartner  der Zustimmung aus Irrtum  Gewalt oder Arglist erlangen werden  können der Vertrag nach der folgend Bestimmung annullieren ;< der Vertragspartner  der EinverstÃ¤ndnis auf Grund ein Irrtum  unter Zwang oder durch TÃ¤uschung erteilen werden  können der Aufhebung der Vertrag GemÃ¤Ã der folgend Bestimmung beantragen  >

9.0;diritto delle obbligazioni;Non può contrarre matrimonio la donna, se non dopo trecento giorni dallo scioglimento, dall'annullamento o dalla cessazione degli effetti civili del precedente matrimonio.;annullamento;Nichtigerklärung;;Anfechtung;Vernichtung, Nichtigerklärung, Aufhebung;< sie können nicht heiraten  wenn nicht drei hundert Tag nach der AuflÃ¶sung  der NichtigerklÃ¤rung oder der Aufhebung der vorherig EheverhÃ¤ltniss vergehen sein  >;< ein Frau können nicht heiraten  wenn nicht drei hundert Tag nach Aufhebung  NichtigerklÃ¤rung oder Beendigung der zivilrechtlich Wirkung der vorherig Ehe vergehen sein  >

9.0;diritto delle obbligazioni;L'errore sul motivo, sia esso di fatto o di diritto, è causa di annullamento della disposizione testamentaria, quando il motivo risulta dal testamento ed è il solo che ha determinato il testatore a disporre.;annullamento;Nichtigerklärung;;Anfechtung;Vernichtung, Nichtigerklärung, Aufhebung;der Fehler in Motiv  ob er auf Tatsache oder auf RechtsgrÃ¼nden beruhen  sein Grund fÃ¼r der NichtigerklÃ¤rung der testamentarisch VerfÃ¼gung  wenn der Motiv aus der Testament hervorgehen und der einzig sein  der der Testator dazu veranlassten  zu disponieren ;< der Irrtum Ã¼ber der Grund  sein es tatsÃ¤chlich oder rechtlich  sein Grund fÃ¼r der Aufhebung der testamentarisch VerfÃ¼gung  wenn der Grund aus der Testament hervorgehen und der einzig Grund sein  der der Erblasser dazu veranlassen haben  der VerfÃ¼gung zu treffen  >

9.0;diritto delle obbligazioni;Il curatore dell'inabilitato per prodigalità può chiedere l'annullamento della donazione, anche se fatta nei sei mesi anteriori all'inizio del giudizio d'inabilitazione.;annullamento;Nichtigerklärung;;Anfechtung;Vernichtung, Nichtigerklärung, Aufhebung;der Vormund der fÃ¼r unzuverlÃ¤ssig ErklÃ¤rten können der Schenkung aufheben  auch wenn sie innerhalb von sechs Monat vor Beginn der Verfahren der UnzuverlÃ¤ssigkeit erfolgen sein ;< der Pfleger der verschwenderisch Veranlagt können der Aufhebung der Schenkung beantragen  auch wenn sie in der sechs Monat vor Beginn der Verschwenderverfahren vornehmen werden  >

10.0;diritto delle obbligazioni;Il contratto di noleggio è un accordo tra due parti, cioè il locatore, che concede il bene in uso, e il conduttore, che utilizza il bene, mediante cui si definisono le condizioni per l’uso temporaneo di un bene mobile. ;conduttore;Bestandnehmer;;;Bestandnehmer, Mieter;der Mietvertrag sein ein Vertrag zwischen zwei Partei  nÃ¤mlich der Vermieter  der der Gut zu VerfÃ¼gung stellen  und der Bestandnehmer  der der Gut nutzen  durch der der Bedingung fÃ¼r der vorÃ¼bergehend Nutzung ein beweglich Gut festlegen werden ;< der Mietvertrag sein ein Vertrag zwischen zwei Partei  nÃ¤mlich der Vermieter  der der Gut zu Nutzung Ã¼berlÃ¤sst  und der Mieter  der der Gut nutzen  und in der der Bedingung fÃ¼r der vorÃ¼bergehend Nutzung ein beweglich Gut festlegen werden  >

10.0;diritto delle obbligazioni;Se si tratta di cose mobili, le spese di conservazione e di ordinaria manutenzione sono, salvo patto contrario, a carico del conduttore.;conduttore;Bestandnehmer;;;Bestandnehmer, Mieter;wenn es sich um beweglich Sache handeln  sein der Aufwendung fÃ¼r Erhaltung und ordentlich Instandhaltung  sofern nicht anderer vereinbaren sein  von Bestandnehmer zu tragen ;< wenn es sich um beweglich Sache handeln  sein der Aufbewahrung und der gewÃ¶hnlich Unterhaltungskost  sofern nichts anderer vereinbaren sein  von Mieter zu tragen  >

10.0;diritto delle obbligazioni;La locazione di immobili ad uso diverso da quello abitativo postula la concessione in godimento al conduttore di beni destinati ad attività economiche, sia relative al lavoro autonomo che a quello imprenditoriale.;conduttore;Bestandnehmer;;;Bestandnehmer, Mieter;der Miete von Immobilie zu nicht Wohnzweck beinhalten der GewÃ¤hrung der Gebrauch an der Mieter von GÃ¼ter  der fÃ¼r wirtschaftlich AktivitÃ¤t bestimmen sein  sowohl fÃ¼r freiberuflichen als auch fÃ¼r unternehmerisch Zweck ;< der Vermietung von GebÃ¤ude fÃ¼r anderer als Wohnzweck setzen der Ãberlassung von WirtschaftsgÃ¼tern an der Mieter voraus  der fÃ¼r wirtschaftlich TÃ¤tigkeit  sowohl fÃ¼r der selbstÃ¤ndig TÃ¤tigkeit als auch fÃ¼r der UnternehmertÃ¤tigkeit  bestimmen sein  >

